id;nome;logo;marca
1;redundant utilisation;Plastic feed Customer;New York Home Loan Account array
2;Branding Open-architected;projection;Salad Officer
3;Borders;Sleek;deposit Tunisia back up
4;transmit Intelligent Fresh Gloves;Communications Agent;haptic compress cross-platform
5;Naira HTTP;granular Points;Investment Account Home Loan Account Operations
6;hub;quantify copy;Bedfordshire
7;neural-net Shirt;deposit Supervisor instruction set;Spain Berkshire Engineer
8;Practical Fresh Pizza;Group;Future Reactive
9;Shirt Sudanese Pound Awesome;back up Avon;Savings Account invoice
10;Home Loan Account standardization;Strategist;Refined Fantastic
